supplier_id,month,orders,on_time_pct,defect_rate_pct,sla_breaches,quality_score
SUP-001,2025-10,343,77.6,5.04,5,71.8
SUP-001,2025-11,398,77.9,5.0,3,71.7
SUP-001,2025-12,326,78.8,4.93,4,73.4
SUP-001,2026-01,376,76.1,5.21,5,70.9
SUP-001,2026-02,274,75.9,4.8,3,70.7
SUP-001,2026-03,201,75.5,5.31,3,73.3
SUP-001,2026-04,220,75.9,5.6,4,72.4
SUP-001,2026-05,209,75.8,5.5,3,71.8
SUP-001,2026-06,341,75.7,5.66,4,70.5
SUP-001,2026-07,148,74.0,5.14,3,72.9
SUP-001,2026-08,206,76.2,5.57,4,72.0
SUP-001,2026-09,258,74.1,6.19,3,73.6
SUP-002,2025-10,285,98.4,0.38,1,98.2
SUP-002,2025-11,203,99.2,0.7,1,98.5
SUP-002,2025-12,275,100,0.25,1,99.0
SUP-002,2026-01,289,98.5,0.19,0,99.3
SUP-002,2026-02,368,97.6,0.19,0,96.9
SUP-002,2026-03,292,98.5,0.57,1,98.2
SUP-002,2026-04,190,97.9,0.29,0,99.6
SUP-002,2026-05,91,98.8,0.08,0,97.7
SUP-002,2026-06,119,99.9,0.12,0,99.7
SUP-002,2026-07,113,98.4,0.13,0,96.0
SUP-002,2026-08,323,99.6,0.05,0,98.1
SUP-002,2026-09,151,100,0.39,0,95.6
SUP-003,2025-10,350,95.2,0.86,0,91.6
SUP-003,2025-11,270,98.5,1.3,1,92.7
SUP-003,2025-12,337,95.1,1.02,1,92.9
SUP-003,2026-01,171,96.7,0.95,0,93.2
SUP-003,2026-02,141,96.2,1.07,2,95.9
SUP-003,2026-03,119,96.4,1.1,1,93.8
SUP-003,2026-04,272,95.7,0.5,2,94.7
SUP-003,2026-05,172,94.3,1.06,1,94.3
SUP-003,2026-06,260,94.6,0.92,2,97.5
SUP-003,2026-07,162,93.9,0.69,0,93.8
SUP-003,2026-08,167,96.4,0.82,0,93.8
SUP-003,2026-09,367,96.4,1.2,1,92.3
SUP-004,2025-10,102,87.4,3.24,3,80.7
SUP-004,2025-11,392,84.7,3.13,2,83.9
SUP-004,2025-12,111,86.9,3.06,3,82.9
SUP-004,2026-01,186,86.6,3.29,2,83.8
SUP-004,2026-02,279,85.8,3.22,2,82.3
SUP-004,2026-03,357,85.3,2.9,3,83.9
SUP-004,2026-04,284,85.9,3.31,3,81.4
SUP-004,2026-05,120,84.3,3.69,3,80.9
SUP-004,2026-06,267,84.9,3.46,1,81.7
SUP-004,2026-07,381,85.1,3.42,3,83.4
SUP-004,2026-08,141,84.2,3.22,2,80.8
SUP-004,2026-09,340,86.5,3.45,2,83.5
SUP-005,2025-10,245,83.9,3.8,3,80.0
SUP-005,2025-11,103,82.3,3.83,4,77.9
SUP-005,2025-12,139,82.1,4.06,3,79.8
SUP-005,2026-01,205,83.0,3.86,3,76.5
SUP-005,2026-02,389,81.4,4.11,3,81.3
SUP-005,2026-03,356,81.9,4.37,2,78.3
SUP-005,2026-04,308,81.4,4.06,2,78.4
SUP-005,2026-05,277,83.8,3.73,2,78.5
SUP-005,2026-06,396,81.7,4.02,3,81.0
SUP-005,2026-07,324,82.3,4.12,3,77.1
SUP-005,2026-08,367,83.5,4.66,2,80.2
SUP-005,2026-09,321,82.5,4.17,3,79.6
SUP-006,2025-10,159,92.1,1.39,1,91.3
SUP-006,2025-11,190,93.2,1.66,0,91.3
SUP-006,2025-12,291,95.1,1.28,1,92.5
SUP-006,2026-01,241,93.6,2.07,2,91.7
SUP-006,2026-02,238,91.6,1.71,1,91.1
SUP-006,2026-03,333,92.6,1.63,1,90.7
SUP-006,2026-04,205,93.0,1.73,2,91.2
SUP-006,2026-05,186,91.5,1.23,2,87.7
SUP-006,2026-06,84,92.2,2.02,1,90.3
SUP-006,2026-07,205,91.8,1.77,1,91.4
SUP-006,2026-08,399,91.1,2.03,1,88.7
SUP-006,2026-09,90,91.0,2.4,1,91.1
SUP-007,2025-10,348,83.9,3.74,2,81.0
SUP-007,2025-11,193,81.7,3.56,2,80.3
SUP-007,2025-12,397,86.1,4.4,3,81.4
SUP-007,2026-01,349,84.0,3.66,2,79.9
SUP-007,2026-02,150,80.3,3.65,3,80.4
SUP-007,2026-03,171,81.3,4.02,2,80.2
SUP-007,2026-04,138,82.3,4.16,3,81.4
SUP-007,2026-05,322,82.3,3.94,3,78.1
SUP-007,2026-06,383,82.3,4.33,3,80.6
SUP-007,2026-07,156,80.8,3.73,3,78.4
SUP-007,2026-08,90,82.0,3.96,3,79.5
SUP-007,2026-09,170,80.6,3.97,3,77.5
SUP-008,2025-10,344,77.2,5.2,5,69.7
SUP-008,2025-11,354,77.0,5.16,3,73.2
SUP-008,2025-12,320,77.2,5.24,3,74.4
SUP-008,2026-01,265,78.4,5.16,4,71.1
SUP-008,2026-02,378,77.0,5.17,4,70.3
SUP-008,2026-03,127,75.5,5.49,4,71.3
SUP-008,2026-04,393,75.7,5.41,3,72.3
SUP-008,2026-05,285,75.0,5.63,4,73.0
SUP-008,2026-06,328,75.6,5.66,2,72.0
SUP-008,2026-07,170,77.5,5.72,4,73.5
SUP-008,2026-08,172,77.4,5.53,4,70.9
SUP-008,2026-09,131,73.7,6.15,4,71.7
SUP-009,2025-10,391,93.5,1.51,0,90.2
SUP-009,2025-11,259,91.7,1.2,1,89.6
SUP-009,2025-12,200,92.8,1.59,1,93.7
SUP-009,2026-01,384,93.4,2.23,1,91.2
SUP-009,2026-02,393,90.6,2.03,2,90.9
SUP-009,2026-03,107,90.9,1.83,1,87.0
SUP-009,2026-04,330,93.0,1.78,2,93.1
SUP-009,2026-05,356,91.5,1.65,0,88.0
SUP-009,2026-06,142,92.5,1.5,2,90.6
SUP-009,2026-07,203,91.3,1.55,2,90.2
SUP-009,2026-08,216,91.7,1.8,2,90.0
SUP-009,2026-09,340,93.2,1.9,2,91.8
SUP-010,2025-10,373,77.3,4.52,3,76.4
SUP-010,2025-11,334,80.7,4.11,3,74.2
SUP-010,2025-12,118,79.4,4.02,4,77.5
SUP-010,2026-01,357,79.5,4.62,2,77.5
SUP-010,2026-02,218,79.8,4.5,2,78.4
SUP-010,2026-03,195,79.9,4.56,3,70.3
SUP-010,2026-04,146,78.8,4.66,3,75.5
SUP-010,2026-05,263,78.9,4.61,2,75.2
SUP-010,2026-06,123,76.3,4.39,2,74.9
SUP-010,2026-07,140,76.4,4.78,3,76.9
SUP-010,2026-08,80,77.9,5.61,2,77.0
SUP-010,2026-09,186,78.7,4.98,3,74.0
SUP-011,2025-10,321,90.1,2.22,2,84.0
SUP-011,2025-11,358,90.0,1.89,2,86.3
SUP-011,2025-12,254,88.4,2.47,1,87.1
SUP-011,2026-01,282,87.0,2.21,1,86.1
SUP-011,2026-02,391,87.8,2.48,2,87.5
SUP-011,2026-03,139,88.0,3.01,2,86.8
SUP-011,2026-04,236,89.6,2.45,1,87.2
SUP-011,2026-05,205,88.6,2.31,2,90.5
SUP-011,2026-06,214,89.0,2.84,2,85.8
SUP-011,2026-07,238,87.1,2.59,0,84.7
SUP-011,2026-08,297,87.9,2.31,2,88.0
SUP-011,2026-09,167,89.3,2.39,2,86.7
SUP-012,2025-10,276,98.7,0.29,0,96.4
SUP-012,2025-11,293,97.5,0.2,0,99.7
SUP-012,2025-12,129,99.1,0.62,1,98.3
SUP-012,2026-01,394,100,0.51,0,100
SUP-012,2026-02,115,98.7,0.32,1,98.3
SUP-012,2026-03,146,98.6,0.24,0,98.3
SUP-012,2026-04,135,98.4,0.05,0,95.4
SUP-012,2026-05,195,97.5,0.14,1,100
SUP-012,2026-06,124,97.9,0.32,0,99.1
SUP-012,2026-07,358,98.1,0.5,1,100
SUP-012,2026-08,178,98.9,0.66,0,98.1
SUP-012,2026-09,313,98.3,0.54,1,97.8
SUP-013,2025-10,334,93.0,1.98,0,92.7
SUP-013,2025-11,324,93.0,1.99,2,90.7
SUP-013,2025-12,394,92.2,1.69,1,87.6
SUP-013,2026-01,273,90.3,1.95,1,92.9
SUP-013,2026-02,325,93.0,1.78,1,91.0
SUP-013,2026-03,142,94.9,1.92,1,92.6
SUP-013,2026-04,400,93.1,1.97,2,91.6
SUP-013,2026-05,381,91.9,1.91,1,89.4
SUP-013,2026-06,218,93.2,2.07,1,89.4
SUP-013,2026-07,187,91.4,1.48,2,90.5
SUP-013,2026-08,136,93.8,1.48,1,89.6
SUP-013,2026-09,222,92.9,2.05,1,88.5
SUP-014,2025-10,342,93.1,1.92,2,93.5
SUP-014,2025-11,139,93.6,2.01,0,89.7
SUP-014,2025-12,165,93.4,1.82,1,91.8
SUP-014,2026-01,148,92.4,1.38,2,90.8
SUP-014,2026-02,181,92.4,1.66,1,89.0
SUP-014,2026-03,207,92.8,1.65,0,91.0
SUP-014,2026-04,236,93.1,1.42,1,91.5
SUP-014,2026-05,300,92.9,2.02,2,88.8
SUP-014,2026-06,370,93.0,1.62,2,93.8
SUP-014,2026-07,397,93.0,1.68,1,93.4
SUP-014,2026-08,120,91.5,2.04,1,89.3
SUP-014,2026-09,104,89.9,1.84,2,90.6
SUP-015,2025-10,261,92.3,2.62,2,86.3
SUP-015,2025-11,222,89.8,1.98,2,85.7
SUP-015,2025-12,98,86.4,2.09,1,89.3
SUP-015,2026-01,131,90.4,2.06,2,85.9
SUP-015,2026-02,273,89.7,2.79,2,85.5
SUP-015,2026-03,311,90.8,2.51,2,86.5
SUP-015,2026-04,290,88.4,2.01,3,85.4
SUP-015,2026-05,221,87.2,2.51,2,87.6
SUP-015,2026-06,365,89.8,2.18,2,86.8
SUP-015,2026-07,267,88.3,2.53,1,84.7
SUP-015,2026-08,98,91.5,2.78,2,89.4
SUP-015,2026-09,359,90.7,2.67,1,86.3
SUP-016,2025-10,107,83.9,3.66,2,81.2
SUP-016,2025-11,289,84.6,3.45,3,79.2
SUP-016,2025-12,228,84.5,3.63,2,79.8
SUP-016,2026-01,354,82.0,3.45,3,81.4
SUP-016,2026-02,140,84.8,4.23,3,76.6
SUP-016,2026-03,339,82.3,3.78,3,78.6
SUP-016,2026-04,122,82.6,4.55,4,80.9
SUP-016,2026-05,155,79.9,4.01,2,77.1
SUP-016,2026-06,218,82.1,4.07,3,82.9
SUP-016,2026-07,291,79.7,4.21,3,79.8
SUP-016,2026-08,301,84.2,4.51,3,80.4
SUP-016,2026-09,189,83.0,4.09,3,76.4
SUP-017,2025-10,232,82.2,4.11,2,75.8
SUP-017,2025-11,169,79.6,4.2,4,74.4
SUP-017,2025-12,149,78.0,4.26,3,77.0
SUP-017,2026-01,331,79.5,4.19,4,76.0
SUP-017,2026-02,318,80.9,4.61,3,76.3
SUP-017,2026-03,208,78.4,4.93,4,77.1
SUP-017,2026-04,240,80.6,4.08,4,75.2
SUP-017,2026-05,236,78.9,5.09,4,75.8
SUP-017,2026-06,348,77.2,4.77,3,76.7
SUP-017,2026-07,173,77.5,5.35,3,76.8
SUP-017,2026-08,150,77.4,4.81,4,76.6
SUP-017,2026-09,200,76.8,5.15,3,75.4
SUP-018,2025-10,267,75.1,5.64,4,69.6
SUP-018,2025-11,95,75.5,5.61,3,67.3
SUP-018,2025-12,286,72.8,5.8,5,69.1
SUP-018,2026-01,304,71.9,5.7,4,68.5
SUP-018,2026-02,282,74.2,5.8,4,68.0
SUP-018,2026-03,120,71.9,5.75,5,68.4
SUP-018,2026-04,197,72.2,6.14,5,69.6
SUP-018,2026-05,103,73.0,6.41,5,69.2
SUP-018,2026-06,255,70.4,6.4,4,71.8
SUP-018,2026-07,299,71.6,5.95,5,67.3
SUP-018,2026-08,316,70.8,6.48,4,67.8
SUP-018,2026-09,135,70.6,6.63,3,67.6
SUP-019,2025-10,106,74.2,5.17,4,70.0
SUP-019,2025-11,168,74.0,5.95,4,67.3
SUP-019,2025-12,375,74.2,5.65,5,69.2
SUP-019,2026-01,332,73.3,5.5,4,65.8
SUP-019,2026-02,229,71.9,6.14,5,69.6
SUP-019,2026-03,400,70.9,5.79,4,71.4
SUP-019,2026-04,349,71.8,5.88,3,71.1
SUP-019,2026-05,297,71.6,6.32,5,67.4
SUP-019,2026-06,326,68.8,6.39,4,69.5
SUP-019,2026-07,212,73.8,6.39,5,65.9
SUP-019,2026-08,132,70.2,6.63,5,70.8
SUP-019,2026-09,347,69.0,6.15,4,67.2
SUP-020,2025-10,161,93.5,1.18,0,91.1
SUP-020,2025-11,139,92.9,1.54,1,88.8
SUP-020,2025-12,342,93.6,1.88,0,92.8
SUP-020,2026-01,183,92.1,1.47,1,91.6
SUP-020,2026-02,233,92.6,1.41,1,91.5
SUP-020,2026-03,287,91.4,1.86,1,90.2
SUP-020,2026-04,118,89.3,1.43,1,88.6
SUP-020,2026-05,232,91.5,1.74,2,91.7
SUP-020,2026-06,218,89.9,1.75,2,92.2
SUP-020,2026-07,334,91.3,1.46,0,92.1
SUP-020,2026-08,311,91.7,1.96,2,91.2
SUP-020,2026-09,151,92.9,1.89,1,91.6
SUP-021,2025-10,126,84.2,3.59,3,80.5
SUP-021,2025-11,120,81.7,3.65,3,79.2
SUP-021,2025-12,183,83.6,3.74,4,79.5
SUP-021,2026-01,134,83.3,3.54,2,79.6
SUP-021,2026-02,388,82.5,3.84,2,78.7
SUP-021,2026-03,235,82.8,3.63,2,81.9
SUP-021,2026-04,231,83.5,3.81,2,77.4
SUP-021,2026-05,130,81.9,4.06,3,79.2
SUP-021,2026-06,282,82.6,4.28,2,77.4
SUP-021,2026-07,135,82.1,3.77,3,79.9
SUP-021,2026-08,216,79.4,3.93,2,78.1
SUP-021,2026-09,191,82.0,4.15,3,78.5
SUP-022,2025-10,256,95.4,0.72,0,94.4
SUP-022,2025-11,114,94.4,1.05,1,95.7
SUP-022,2025-12,290,96.0,1.47,1,93.1
SUP-022,2026-01,263,95.7,0.91,1,95.7
SUP-022,2026-02,358,95.7,1.17,0,94.4
SUP-022,2026-03,217,93.4,0.69,0,95.9
SUP-022,2026-04,182,96.6,1.35,2,94.3
SUP-022,2026-05,219,95.1,0.89,0,93.7
SUP-022,2026-06,245,95.4,0.98,0,93.0
SUP-022,2026-07,342,97.6,1.0,0,95.2
SUP-022,2026-08,163,96.7,1.16,1,92.7
SUP-022,2026-09,193,94.2,1.06,0,93.7
SUP-023,2025-10,239,69.8,6.34,5,67.1
SUP-023,2025-11,308,70.7,6.22,5,62.2
SUP-023,2025-12,345,70.2,6.92,5,65.7
SUP-023,2026-01,242,70.9,6.66,5,66.3
SUP-023,2026-02,231,67.7,6.9,4,66.8
SUP-023,2026-03,345,70.4,6.6,4,62.9
SUP-023,2026-04,183,67.6,6.82,5,63.8
SUP-023,2026-05,263,67.8,6.72,5,66.5
SUP-023,2026-06,363,67.6,7.44,5,67.3
SUP-023,2026-07,105,66.7,7.37,5,65.2
SUP-023,2026-08,133,64.4,7.28,4,65.0
SUP-023,2026-09,186,65.3,6.92,5,65.9
SUP-024,2025-10,120,74.7,5.38,3,74.0
SUP-024,2025-11,375,75.6,5.27,3,72.1
SUP-024,2025-12,110,74.9,5.04,4,72.6
SUP-024,2026-01,395,77.5,4.73,4,73.1
SUP-024,2026-02,150,76.7,5.3,3,71.9
SUP-024,2026-03,149,75.8,5.19,4,72.1
SUP-024,2026-04,327,76.8,5.61,5,72.0
SUP-024,2026-05,208,74.8,4.9,4,72.5
SUP-024,2026-06,189,74.6,5.72,4,72.3
SUP-024,2026-07,161,74.3,5.77,4,73.3
SUP-024,2026-08,184,76.8,5.48,3,72.8
SUP-024,2026-09,178,72.7,5.66,4,71.5
SUP-025,2025-10,207,91.7,2.53,2,86.1
SUP-025,2025-11,193,90.7,1.96,2,86.8
SUP-025,2025-12,222,88.7,2.51,3,87.4
SUP-025,2026-01,264,88.9,2.93,1,85.3
SUP-025,2026-02,384,90.3,2.66,2,88.8
SUP-025,2026-03,93,88.3,2.16,1,86.1
SUP-025,2026-04,219,89.5,2.29,2,87.2
SUP-025,2026-05,222,90.4,2.67,1,85.4
SUP-025,2026-06,111,90.4,2.68,3,87.0
SUP-025,2026-07,228,87.4,2.88,2,86.2
SUP-025,2026-08,297,88.0,2.36,3,86.2
SUP-025,2026-09,192,88.8,2.38,1,87.5
SUP-026,2025-10,378,91.7,2.18,2,91.9
SUP-026,2025-11,210,93.5,1.73,1,92.6
SUP-026,2025-12,217,92.7,1.47,3,91.0
SUP-026,2026-01,369,92.0,1.66,2,91.2
SUP-026,2026-02,274,92.5,1.93,1,90.0
SUP-026,2026-03,205,91.3,1.47,1,91.4
SUP-026,2026-04,138,92.6,1.17,2,89.5
SUP-026,2026-05,142,91.1,1.49,1,92.4
SUP-026,2026-06,394,92.8,1.6,1,89.7
SUP-026,2026-07,192,92.4,1.62,1,91.8
SUP-026,2026-08,253,92.7,1.51,1,93.0
SUP-026,2026-09,92,90.8,1.75,2,88.6
SUP-027,2025-10,331,74.3,6.58,5,65.0
SUP-027,2025-11,114,69.9,6.47,6,66.3
SUP-027,2025-12,151,70.7,6.24,5,63.9
SUP-027,2026-01,223,68.8,6.58,5,67.2
SUP-027,2026-02,93,69.2,6.41,4,66.0
SUP-027,2026-03,185,68.3,6.71,5,66.6
SUP-027,2026-04,159,69.1,7.11,5,64.9
SUP-027,2026-05,157,68.1,6.74,4,62.9
SUP-027,2026-06,97,66.4,7.0,4,66.6
SUP-027,2026-07,235,69.8,6.84,4,65.5
SUP-027,2026-08,248,66.2,7.34,5,65.3
SUP-027,2026-09,369,66.8,7.04,5,65.3
SUP-028,2025-10,277,99.4,0.49,0,99.1
SUP-028,2025-11,343,99.8,0.05,0,96.5
SUP-028,2025-12,101,99.1,0.75,0,97.7
SUP-028,2026-01,300,98.1,0.05,1,98.6
SUP-028,2026-02,395,97.7,0.44,0,99.8
SUP-028,2026-03,90,98.8,0.33,0,98.3
SUP-028,2026-04,254,98.5,0.43,0,99.4
SUP-028,2026-05,321,96.2,0.73,0,96.7
SUP-028,2026-06,191,99.3,0.3,0,99.3
SUP-028,2026-07,255,99.3,0.47,0,97.4
SUP-028,2026-08,223,99.7,0.08,0,94.5
SUP-028,2026-09,299,100,0.83,0,97.1
SUP-029,2025-10,232,99.1,0.32,0,99.8
SUP-029,2025-11,93,98.9,0.19,0,100
SUP-029,2025-12,85,98.6,0.05,0,97.0
SUP-029,2026-01,338,99.9,0.52,0,94.8
SUP-029,2026-02,392,98.5,0.68,0,98.2
SUP-029,2026-03,370,98.6,0.24,1,97.3
SUP-029,2026-04,339,97.6,0.46,1,98.3
SUP-029,2026-05,267,98.0,0.15,0,97.2
SUP-029,2026-06,131,98.4,0.05,1,96.2
SUP-029,2026-07,280,99.5,0.15,0,99.4
SUP-029,2026-08,377,98.7,0.13,0,97.9
SUP-029,2026-09,92,99.1,0.05,0,97.2
SUP-030,2025-10,235,93.7,1.16,1,91.0
SUP-030,2025-11,356,91.7,1.85,2,89.9
SUP-030,2025-12,174,93.2,1.61,1,89.5
SUP-030,2026-01,384,92.5,1.64,1,93.3
SUP-030,2026-02,157,91.5,1.36,2,90.0
SUP-030,2026-03,309,93.1,1.9,1,90.8
SUP-030,2026-04,98,94.0,2.12,1,92.8
SUP-030,2026-05,187,94.0,1.39,1,92.6
SUP-030,2026-06,207,94.0,1.96,1,90.9
SUP-030,2026-07,235,92.3,1.55,2,90.1
SUP-030,2026-08,248,92.1,1.94,1,89.6
SUP-030,2026-09,306,91.0,2.17,3,91.1
SUP-031,2025-10,219,81.9,3.43,3,80.6
SUP-031,2025-11,175,82.4,3.86,2,79.9
SUP-031,2025-12,284,80.4,3.9,2,80.4
SUP-031,2026-01,361,82.0,4.13,3,83.3
SUP-031,2026-02,148,82.7,3.78,3,79.2
SUP-031,2026-03,132,83.9,3.93,3,79.1
SUP-031,2026-04,236,81.4,4.45,3,79.3
SUP-031,2026-05,284,80.9,4.1,3,79.2
SUP-031,2026-06,237,83.1,4.18,3,80.2
SUP-031,2026-07,335,80.9,3.88,2,80.8
SUP-031,2026-08,208,78.2,4.19,3,77.4
SUP-031,2026-09,209,82.2,4.46,3,80.3
SUP-032,2025-10,181,84.9,2.85,3,85.0
SUP-032,2025-11,327,86.6,3.09,3,83.5
SUP-032,2025-12,196,85.7,2.73,2,81.8
SUP-032,2026-01,225,86.7,3.12,2,81.8
SUP-032,2026-02,267,87.3,3.09,2,81.8
SUP-032,2026-03,383,87.1,3.5,2,82.4
SUP-032,2026-04,152,84.4,2.55,2,81.9
SUP-032,2026-05,331,84.2,3.21,2,83.2
SUP-032,2026-06,123,84.8,3.27,2,84.2
SUP-032,2026-07,331,83.0,3.34,2,83.3
SUP-032,2026-08,319,85.2,3.55,2,83.6
SUP-032,2026-09,323,85.3,3.58,2,79.0
SUP-033,2025-10,108,78.2,4.27,4,77.0
SUP-033,2025-11,279,79.9,4.37,3,76.2
SUP-033,2025-12,109,80.8,4.55,4,74.6
SUP-033,2026-01,364,82.1,4.57,3,74.3
SUP-033,2026-02,346,80.9,4.56,3,74.5
SUP-033,2026-03,151,78.8,4.87,3,76.1
SUP-033,2026-04,133,78.5,4.44,3,74.9
SUP-033,2026-05,118,79.6,4.76,3,76.0
SUP-033,2026-06,159,80.9,4.71,4,76.5
SUP-033,2026-07,109,78.0,5.43,4,77.9
SUP-033,2026-08,381,79.8,5.0,4,72.2
SUP-033,2026-09,181,75.7,4.63,3,75.5
SUP-034,2025-10,339,81.0,4.54,3,73.9
SUP-034,2025-11,172,80.0,4.28,3,74.7
SUP-034,2025-12,279,80.5,4.16,3,75.1
SUP-034,2026-01,249,80.5,4.37,3,76.0
SUP-034,2026-02,172,80.4,4.3,3,74.2
SUP-034,2026-03,215,76.1,4.75,3,73.8
SUP-034,2026-04,156,79.3,5.05,3,78.7
SUP-034,2026-05,193,78.0,4.93,4,76.2
SUP-034,2026-06,321,78.7,4.93,3,75.1
SUP-034,2026-07,101,77.1,4.87,4,74.0
SUP-034,2026-08,266,77.1,5.08,3,74.4
SUP-034,2026-09,174,77.4,4.78,4,76.0
SUP-035,2025-10,277,89.8,1.83,1,89.3
SUP-035,2025-11,280,90.6,2.6,1,86.2
SUP-035,2025-12,176,87.8,2.13,0,88.8
SUP-035,2026-01,368,88.7,2.68,2,85.0
SUP-035,2026-02,315,89.3,2.44,2,86.2
SUP-035,2026-03,169,89.7,2.55,2,89.1
SUP-035,2026-04,282,90.5,2.31,1,84.1
SUP-035,2026-05,360,87.9,1.91,3,87.2
SUP-035,2026-06,351,89.7,2.34,1,85.3
SUP-035,2026-07,131,87.1,2.32,2,86.4
SUP-035,2026-08,108,86.4,2.33,1,87.6
SUP-035,2026-09,207,89.5,3.12,1,85.2
SUP-036,2025-10,277,72.0,6.65,4,64.5
SUP-036,2025-11,129,71.0,6.84,6,63.7
SUP-036,2025-12,274,69.5,6.76,5,63.3
SUP-036,2026-01,354,70.8,6.47,4,65.1
SUP-036,2026-02,135,70.4,6.63,4,65.2
SUP-036,2026-03,115,68.0,6.52,5,64.1
SUP-036,2026-04,239,68.6,6.62,5,63.0
SUP-036,2026-05,123,69.1,6.84,4,65.1
SUP-036,2026-06,330,66.8,6.93,4,62.1
SUP-036,2026-07,152,68.8,7.44,5,62.1
SUP-036,2026-08,348,68.2,6.95,5,66.0
SUP-036,2026-09,96,66.1,7.65,4,65.5
SUP-037,2025-10,153,83.2,4.05,2,80.6
SUP-037,2025-11,152,81.1,3.31,3,82.6
SUP-037,2025-12,142,83.7,3.79,2,79.2
SUP-037,2026-01,305,82.8,3.64,3,80.6
SUP-037,2026-02,245,84.0,3.63,2,77.9
SUP-037,2026-03,391,81.8,4.33,2,78.2
SUP-037,2026-04,317,82.0,3.72,2,80.2
SUP-037,2026-05,280,83.0,3.95,3,80.7
SUP-037,2026-06,332,81.5,4.19,3,76.4
SUP-037,2026-07,89,79.3,4.25,4,80.7
SUP-037,2026-08,212,81.3,4.42,3,80.2
SUP-037,2026-09,300,82.5,4.15,2,80.7
SUP-038,2025-10,102,100,0.41,2,100
SUP-038,2025-11,390,99.9,0.41,1,96.7
SUP-038,2025-12,225,99.2,0.61,0,97.5
SUP-038,2026-01,86,97.4,0.85,1,95.1
SUP-038,2026-02,224,99.2,0.34,1,99.8
SUP-038,2026-03,377,99.5,0.94,0,97.6
SUP-038,2026-04,101,97.0,0.94,0,98.6
SUP-038,2026-05,171,98.9,0.26,1,98.4
SUP-038,2026-06,341,98.0,0.05,0,98.4
SUP-038,2026-07,220,97.5,0.51,0,97.2
SUP-038,2026-08,341,97.4,0.76,0,99.0
SUP-038,2026-09,210,99.0,0.24,0,98.0
SUP-039,2025-10,360,84.5,3.73,3,79.2
SUP-039,2025-11,334,86.0,3.48,2,81.0
SUP-039,2025-12,315,81.4,3.44,3,79.0
SUP-039,2026-01,260,82.0,3.37,2,80.0
SUP-039,2026-02,195,81.2,3.47,2,78.1
SUP-039,2026-03,244,82.0,4.09,3,80.3
SUP-039,2026-04,400,82.2,4.33,3,80.8
SUP-039,2026-05,369,81.8,4.01,3,78.4
SUP-039,2026-06,208,83.7,3.87,3,78.7
SUP-039,2026-07,262,81.9,3.62,3,80.3
SUP-039,2026-08,145,81.6,3.92,3,80.2
SUP-039,2026-09,223,84.0,3.82,3,80.4
SUP-040,2025-10,366,93.0,2.02,1,89.7
SUP-040,2025-11,375,93.1,1.91,1,90.7
SUP-040,2025-12,367,94.0,1.65,1,90.3
SUP-040,2026-01,87,91.0,1.76,0,92.5
SUP-040,2026-02,344,92.3,2.05,1,90.4
SUP-040,2026-03,122,93.9,2.17,1,92.3
SUP-040,2026-04,290,91.4,2.01,2,90.3
SUP-040,2026-05,310,92.4,1.57,2,91.7
SUP-040,2026-06,218,93.0,1.97,2,91.0
SUP-040,2026-07,122,90.5,1.57,1,90.1
SUP-040,2026-08,395,91.5,2.03,1,92.4
SUP-040,2026-09,341,93.3,2.05,0,90.0
SUP-041,2025-10,170,88.4,2.47,2,86.7
SUP-041,2025-11,180,89.4,1.87,3,86.1
SUP-041,2025-12,391,89.0,2.38,2,85.9
SUP-041,2026-01,177,91.1,2.34,1,90.0
SUP-041,2026-02,362,89.3,2.67,1,86.9
SUP-041,2026-03,136,89.3,2.17,1,84.1
SUP-041,2026-04,161,90.2,2.49,1,90.1
SUP-041,2026-05,316,88.2,2.38,2,85.2
SUP-041,2026-06,239,88.4,2.75,2,84.7
SUP-041,2026-07,98,88.8,2.57,2,85.7
SUP-041,2026-08,242,89.5,2.97,2,88.7
SUP-041,2026-09,200,87.0,2.85,1,88.8
SUP-042,2025-10,85,78.5,4.74,5,71.5
SUP-042,2025-11,114,75.3,5.09,3,73.1
SUP-042,2025-12,280,76.0,5.07,3,70.9
SUP-042,2026-01,115,76.1,4.92,4,73.0
SUP-042,2026-02,303,74.3,5.23,4,71.9
SUP-042,2026-03,378,74.8,5.33,4,71.3
SUP-042,2026-04,108,75.8,5.53,3,73.1
SUP-042,2026-05,350,75.4,5.55,4,72.7
SUP-042,2026-06,153,75.4,5.98,3,74.3
SUP-042,2026-07,243,73.4,5.4,4,70.9
SUP-042,2026-08,319,73.1,5.53,4,72.7
SUP-042,2026-09,227,73.2,5.76,4,74.3
SUP-043,2025-10,287,88.6,3.09,3,83.7
SUP-043,2025-11,330,84.8,2.63,2,83.4
SUP-043,2025-12,103,86.4,2.13,3,84.3
SUP-043,2026-01,363,86.6,2.46,2,84.6
SUP-043,2026-02,335,85.9,3.33,3,83.6
SUP-043,2026-03,245,86.2,2.89,2,80.4
SUP-043,2026-04,182,83.6,3.36,2,81.8
SUP-043,2026-05,115,84.7,3.23,2,79.8
SUP-043,2026-06,258,84.4,3.33,2,83.5
SUP-043,2026-07,125,84.4,3.73,2,85.1
SUP-043,2026-08,368,83.4,3.18,2,80.2
SUP-043,2026-09,275,83.2,3.62,3,82.8
SUP-044,2025-10,185,85.9,3.37,4,79.6
SUP-044,2025-11,302,83.2,3.64,3,78.0
SUP-044,2025-12,260,84.3,3.59,3,80.0
SUP-044,2026-01,292,81.1,4.13,3,78.5
SUP-044,2026-02,146,83.6,3.6,3,80.1
SUP-044,2026-03,161,82.9,3.64,2,79.7
SUP-044,2026-04,302,81.2,3.45,3,79.9
SUP-044,2026-05,373,81.7,4.06,2,78.8
SUP-044,2026-06,188,82.5,4.07,4,79.7
SUP-044,2026-07,145,81.8,4.23,3,77.6
SUP-044,2026-08,220,79.5,4.38,1,80.1
SUP-044,2026-09,338,79.7,3.95,2,78.0
SUP-045,2025-10,304,94.0,0.98,1,95.9
SUP-045,2025-11,314,95.1,1.33,0,92.9
SUP-045,2025-12,127,94.0,0.61,0,96.7
SUP-045,2026-01,124,95.3,0.8,1,94.3
SUP-045,2026-02,110,96.7,0.7,1,94.2
SUP-045,2026-03,229,96.9,0.71,0,94.3
SUP-045,2026-04,228,95.1,1.4,0,93.4
SUP-045,2026-05,216,93.3,1.19,0,96.6
SUP-045,2026-06,219,96.3,0.78,1,92.3
SUP-045,2026-07,206,94.3,1.09,0,96.1
SUP-045,2026-08,123,94.3,1.04,0,92.8
SUP-045,2026-09,214,95.7,1.09,1,95.6
SUP-046,2025-10,267,92.1,1.97,1,90.8
SUP-046,2025-11,191,92.8,1.69,2,91.4
SUP-046,2025-12,326,91.7,1.65,1,89.6
SUP-046,2026-01,184,93.4,2.04,2,89.8
SUP-046,2026-02,281,92.7,2.08,2,89.8
SUP-046,2026-03,326,93.7,1.43,1,90.6
SUP-046,2026-04,106,92.6,1.98,1,89.6
SUP-046,2026-05,304,92.4,1.71,2,91.2
SUP-046,2026-06,336,93.4,1.26,0,91.4
SUP-046,2026-07,161,92.7,2.16,1,93.6
SUP-046,2026-08,160,90.5,1.41,1,90.0
SUP-046,2026-09,159,93.0,2.01,0,91.6
SUP-047,2025-10,169,79.1,4.29,4,74.8
SUP-047,2025-11,385,77.5,4.39,3,75.8
SUP-047,2025-12,180,81.7,4.61,3,75.2
SUP-047,2026-01,176,78.7,4.51,3,75.1
SUP-047,2026-02,202,76.8,4.69,4,74.5
SUP-047,2026-03,174,78.6,4.57,3,76.6
SUP-047,2026-04,185,78.0,4.6,3,77.4
SUP-047,2026-05,147,78.9,5.26,3,76.4
SUP-047,2026-06,391,76.9,4.58,2,75.2
SUP-047,2026-07,198,76.1,4.96,4,75.5
SUP-047,2026-08,301,79.9,4.77,3,77.3
SUP-047,2026-09,175,76.7,5.08,3,77.7
SUP-048,2025-10,94,79.6,4.24,4,77.4
SUP-048,2025-11,124,80.8,4.12,3,77.1
SUP-048,2025-12,182,80.8,4.8,2,76.6
SUP-048,2026-01,265,79.8,4.55,4,75.0
SUP-048,2026-02,270,80.5,4.6,3,75.0
SUP-048,2026-03,246,79.8,4.44,3,74.1
SUP-048,2026-04,155,78.7,4.91,3,74.1
SUP-048,2026-05,118,80.0,4.43,4,75.5
SUP-048,2026-06,396,78.5,4.62,3,76.9
SUP-048,2026-07,296,77.2,5.02,4,77.7
SUP-048,2026-08,162,78.5,5.13,2,75.0
SUP-048,2026-09,233,79.6,4.44,3,75.6
SUP-049,2025-10,181,73.5,5.18,3,67.1
SUP-049,2025-11,187,74.2,5.49,4,69.2
SUP-049,2025-12,385,72.3,5.95,4,69.9
SUP-049,2026-01,150,74.4,5.73,4,67.8
SUP-049,2026-02,365,72.5,6.31,4,71.7
SUP-049,2026-03,97,72.7,6.06,5,65.3
SUP-049,2026-04,84,72.4,6.07,4,69.7
SUP-049,2026-05,359,71.0,6.22,4,67.8
SUP-049,2026-06,91,71.9,6.28,4,69.4
SUP-049,2026-07,122,71.6,6.19,3,67.7
SUP-049,2026-08,147,71.0,6.5,5,70.3
SUP-049,2026-09,291,69.3,6.58,3,68.4
SUP-050,2025-10,297,91.9,2.34,2,88.6
SUP-050,2025-11,210,88.2,2.2,2,85.6
SUP-050,2025-12,350,88.2,2.44,2,84.3
SUP-050,2026-01,191,89.8,2.62,1,85.5
SUP-050,2026-02,145,89.7,2.34,2,87.8
SUP-050,2026-03,226,88.9,1.99,1,87.8
SUP-050,2026-04,225,91.6,2.35,3,86.7
SUP-050,2026-05,115,86.5,2.41,1,86.1
SUP-050,2026-06,282,87.8,2.74,1,86.2
SUP-050,2026-07,304,89.0,2.3,2,84.1
SUP-050,2026-08,252,87.9,2.49,2,88.2
SUP-050,2026-09,165,91.0,2.31,2,89.4
