supplier_id,quarter,revenue_musd,gross_margin_pct,debt_to_equity,current_ratio,credit_score
SUP-001,2024Q4,53.7,8.3,2.94,0.86,394
SUP-001,2025Q1,52.0,10.7,2.95,0.92,407
SUP-001,2025Q2,49.4,12.2,3.11,0.88,395
SUP-001,2025Q3,47.0,11.3,3.11,0.95,395
SUP-001,2025Q4,45.1,8.9,2.84,0.82,400
SUP-001,2026Q1,43.3,10.0,2.97,0.86,420
SUP-001,2026Q2,41.4,10.0,2.97,0.87,411
SUP-001,2026Q3,39.9,11.3,2.8,0.75,401
SUP-002,2024Q4,389.7,30.9,0.14,2.42,805
SUP-002,2025Q1,399.4,34.3,0.39,2.42,798
SUP-002,2025Q2,412.0,31.2,0.23,2.45,815
SUP-002,2025Q3,424.8,31.6,0.37,2.37,778
SUP-002,2025Q4,438.3,33.7,0.33,2.44,790
SUP-002,2026Q1,450.4,32.2,0.34,2.41,794
SUP-002,2026Q2,466.5,32.9,0.36,2.51,777
SUP-002,2026Q3,487.4,31.7,0.14,2.27,774
SUP-003,2024Q4,436.0,24.9,0.9,2.1,729
SUP-003,2025Q1,439.3,26.5,0.83,1.99,700
SUP-003,2025Q2,443.5,25.4,0.82,2.1,719
SUP-003,2025Q3,452.0,26.5,1.05,2.15,707
SUP-003,2025Q4,463.7,26.8,0.95,2.1,717
SUP-003,2026Q1,472.4,28.3,0.95,2.07,697
SUP-003,2026Q2,479.7,27.7,0.92,2.09,716
SUP-003,2026Q3,484.3,29.0,1.02,2.11,715
SUP-004,2024Q4,681.3,21.7,1.46,1.74,622
SUP-004,2025Q1,674.5,21.5,1.5,1.59,600
SUP-004,2025Q2,674.6,23.1,1.48,1.74,607
SUP-004,2025Q3,672.3,22.7,1.54,1.76,643
SUP-004,2025Q4,674.7,20.6,1.64,1.93,622
SUP-004,2026Q1,673.9,22.5,1.48,1.57,631
SUP-004,2026Q2,666.9,23.6,1.44,1.75,617
SUP-004,2026Q3,665.2,21.3,1.46,1.8,624
SUP-005,2024Q4,666.2,17.6,1.82,1.8,579
SUP-005,2025Q1,672.8,21.0,1.81,1.69,564
SUP-005,2025Q2,663.7,19.2,1.97,1.49,577
SUP-005,2025Q3,653.6,17.8,1.68,1.65,585
SUP-005,2025Q4,643.4,20.6,1.82,1.57,588
SUP-005,2026Q1,640.7,20.5,1.92,1.59,559
SUP-005,2026Q2,639.5,21.5,1.84,1.52,573
SUP-005,2026Q3,635.2,20.0,1.87,1.64,579
SUP-006,2024Q4,661.8,31.4,0.23,2.5,812
SUP-006,2025Q1,680.3,31.4,0.36,2.56,817
SUP-006,2025Q2,704.7,32.9,0.23,2.47,802
SUP-006,2025Q3,721.6,32.8,0.23,2.5,808
SUP-006,2025Q4,741.5,32.3,0.26,2.35,816
SUP-006,2026Q1,767.1,32.0,0.32,2.51,796
SUP-006,2026Q2,790.0,31.9,0.49,2.47,799
SUP-006,2026Q3,812.0,34.4,0.34,2.55,812
SUP-007,2024Q4,328.4,15.8,2.06,1.31,553
SUP-007,2025Q1,322.1,16.7,2.19,1.38,534
SUP-007,2025Q2,314.7,18.3,2.17,1.33,537
SUP-007,2025Q3,313.6,17.6,2.16,1.36,546
SUP-007,2025Q4,306.3,17.6,2.08,1.41,534
SUP-007,2026Q1,300.0,17.9,2.0,1.41,543
SUP-007,2026Q2,294.6,16.8,2.07,1.22,526
SUP-007,2026Q3,289.7,17.0,2.12,1.31,544
SUP-008,2024Q4,36.2,19.7,1.91,1.55,573
SUP-008,2025Q1,35.6,21.5,1.76,1.62,575
SUP-008,2025Q2,35.3,17.7,1.73,1.52,563
SUP-008,2025Q3,34.9,18.7,1.7,1.59,600
SUP-008,2025Q4,35.0,19.9,1.69,1.56,570
SUP-008,2026Q1,34.5,21.3,1.88,1.59,570
SUP-008,2026Q2,34.0,19.5,1.87,1.61,582
SUP-008,2026Q3,33.7,19.3,1.82,1.53,566
SUP-009,2024Q4,367.5,25.3,1.37,1.77,672
SUP-009,2025Q1,370.2,22.8,1.11,1.95,677
SUP-009,2025Q2,374.9,25.2,1.26,1.78,664
SUP-009,2025Q3,378.5,25.9,1.05,1.88,666
SUP-009,2025Q4,386.0,25.4,1.16,1.92,649
SUP-009,2026Q1,383.9,24.7,1.36,1.72,684
SUP-009,2026Q2,387.0,24.2,1.07,1.83,672
SUP-009,2026Q3,393.8,23.7,1.09,1.94,658
SUP-010,2024Q4,166.6,26.0,1.0,1.89,665
SUP-010,2025Q1,166.8,25.7,1.12,1.87,665
SUP-010,2025Q2,168.0,24.8,1.14,1.79,651
SUP-010,2025Q3,169.8,26.5,1.21,1.81,662
SUP-010,2025Q4,171.7,26.8,1.17,1.97,646
SUP-010,2026Q1,174.0,22.2,1.01,1.92,664
SUP-010,2026Q2,174.4,24.7,1.2,1.99,677
SUP-010,2026Q3,172.6,25.8,1.15,1.91,671
SUP-011,2024Q4,206.7,18.3,1.77,1.58,550
SUP-011,2025Q1,202.6,20.6,1.71,1.51,561
SUP-011,2025Q2,200.3,20.3,1.72,1.51,570
SUP-011,2025Q3,197.3,18.8,1.82,1.55,598
SUP-011,2025Q4,194.5,20.6,1.82,1.49,600
SUP-011,2026Q1,192.7,20.7,1.8,1.37,578
SUP-011,2026Q2,189.9,18.7,1.76,1.48,568
SUP-011,2026Q3,186.7,19.7,1.7,1.56,574
SUP-012,2024Q4,33.7,32.9,0.29,2.39,805
SUP-012,2025Q1,34.8,31.2,0.37,2.47,793
SUP-012,2025Q2,36.3,31.1,0.32,2.45,784
SUP-012,2025Q3,37.5,31.6,0.27,2.57,825
SUP-012,2025Q4,38.8,32.9,0.37,2.41,780
SUP-012,2026Q1,39.6,31.5,0.32,2.43,800
SUP-012,2026Q2,40.9,30.9,0.41,2.39,799
SUP-012,2026Q3,41.9,32.0,0.23,2.39,805
SUP-013,2024Q4,734.8,25.0,1.31,1.82,666
SUP-013,2025Q1,743.9,23.9,1.19,1.96,678
SUP-013,2025Q2,745.8,23.2,1.31,1.83,684
SUP-013,2025Q3,741.8,26.6,1.27,1.79,644
SUP-013,2025Q4,739.3,24.2,1.26,1.75,643
SUP-013,2026Q1,748.3,23.4,1.27,1.86,660
SUP-013,2026Q2,747.3,25.7,1.27,2.0,660
SUP-013,2026Q3,754.2,24.9,1.15,1.97,662
SUP-014,2024Q4,53.1,25.2,1.22,1.81,653
SUP-014,2025Q1,53.2,25.9,1.2,1.9,660
SUP-014,2025Q2,53.6,24.9,1.23,1.93,664
SUP-014,2025Q3,54.2,25.1,1.26,1.88,663
SUP-014,2025Q4,54.1,25.1,1.19,1.81,669
SUP-014,2026Q1,55.0,26.2,1.23,1.83,672
SUP-014,2026Q2,55.6,23.1,1.33,1.91,685
SUP-014,2026Q3,56.1,26.6,1.26,1.77,656
SUP-015,2024Q4,312.1,24.9,1.16,1.84,683
SUP-015,2025Q1,313.3,23.6,1.22,1.92,651
SUP-015,2025Q2,315.7,25.0,1.17,1.89,646
SUP-015,2025Q3,319.6,23.3,1.26,1.9,655
SUP-015,2025Q4,320.6,25.3,1.17,1.84,661
SUP-015,2026Q1,322.7,23.7,1.26,2.05,659
SUP-015,2026Q2,324.7,27.8,1.34,1.89,670
SUP-015,2026Q3,326.3,23.7,1.12,2.07,675
SUP-016,2024Q4,823.0,19.3,1.79,1.54,601
SUP-016,2025Q1,811.4,22.0,1.72,1.63,593
SUP-016,2025Q2,791.8,19.9,1.74,1.63,585
SUP-016,2025Q3,783.6,23.0,1.76,1.49,582
SUP-016,2025Q4,776.3,21.5,1.83,1.62,599
SUP-016,2026Q1,775.6,21.7,1.86,1.6,593
SUP-016,2026Q2,770.9,20.7,1.97,1.62,566
SUP-016,2026Q3,760.3,21.0,1.63,1.58,572
SUP-017,2024Q4,754.7,9.3,2.98,0.97,422
SUP-017,2025Q1,729.4,9.1,2.97,0.95,408
SUP-017,2025Q2,698.0,9.3,2.79,0.75,412
SUP-017,2025Q3,671.6,8.7,2.97,0.99,394
SUP-017,2025Q4,644.3,9.8,2.94,0.91,390
SUP-017,2026Q1,621.9,9.1,2.97,0.89,389
SUP-017,2026Q2,593.8,10.8,2.99,0.97,419
SUP-017,2026Q3,561.7,10.3,2.84,0.83,413
SUP-018,2024Q4,773.3,18.9,1.82,1.56,590
SUP-018,2025Q1,764.5,17.0,1.87,1.6,592
SUP-018,2025Q2,758.2,21.3,1.96,1.59,577
SUP-018,2025Q3,753.8,18.7,1.74,1.42,559
SUP-018,2025Q4,743.9,19.9,1.93,1.51,582
SUP-018,2026Q1,739.7,21.1,1.71,1.64,595
SUP-018,2026Q2,726.2,18.4,1.91,1.58,573
SUP-018,2026Q3,718.8,20.8,1.84,1.4,586
SUP-019,2024Q4,228.4,18.1,2.09,1.37,534
SUP-019,2025Q1,224.5,17.0,2.17,1.35,517
SUP-019,2025Q2,220.0,18.2,2.12,1.41,521
SUP-019,2025Q3,216.2,16.0,2.08,1.52,507
SUP-019,2025Q4,211.7,15.8,2.17,1.35,543
SUP-019,2026Q1,209.4,16.3,2.24,1.34,548
SUP-019,2026Q2,203.2,17.1,2.04,1.39,541
SUP-019,2026Q3,198.8,18.0,2.13,1.46,559
SUP-020,2024Q4,348.7,21.0,1.89,1.52,570
SUP-020,2025Q1,346.3,20.6,1.93,1.54,562
SUP-020,2025Q2,340.7,20.5,1.81,1.6,582
SUP-020,2025Q3,338.5,19.9,1.88,1.45,573
SUP-020,2025Q4,330.3,20.1,1.79,1.48,572
SUP-020,2026Q1,327.0,18.6,1.71,1.55,550
SUP-020,2026Q2,326.4,17.8,1.73,1.47,597
SUP-020,2026Q3,325.4,20.2,1.8,1.62,573
SUP-021,2024Q4,26.2,26.3,0.85,1.98,700
SUP-021,2025Q1,26.4,27.7,0.93,2.05,710
SUP-021,2025Q2,27.1,27.3,0.94,1.97,703
SUP-021,2025Q3,27.6,26.6,0.78,1.94,723
SUP-021,2025Q4,28.0,26.1,0.84,2.1,700
SUP-021,2026Q1,28.4,28.4,0.86,2.17,720
SUP-021,2026Q2,29.0,26.1,0.99,1.97,707
SUP-021,2026Q3,29.3,26.1,0.84,1.95,728
SUP-022,2024Q4,292.5,28.2,0.6,2.28,730
SUP-022,2025Q1,297.6,29.8,0.58,2.26,751
SUP-022,2025Q2,306.4,30.1,0.67,2.42,756
SUP-022,2025Q3,312.8,30.0,0.6,2.19,762
SUP-022,2025Q4,319.0,28.1,0.56,2.22,758
SUP-022,2026Q1,325.0,31.0,0.54,2.34,746
SUP-022,2026Q2,334.6,29.5,0.65,2.12,759
SUP-022,2026Q3,343.1,30.6,0.67,2.13,743
SUP-023,2024Q4,417.3,17.0,2.07,1.32,538
SUP-023,2025Q1,411.9,17.5,2.05,1.61,535
SUP-023,2025Q2,405.9,18.1,2.1,1.34,531
SUP-023,2025Q3,397.1,16.3,1.93,1.54,530
SUP-023,2025Q4,393.0,19.5,2.18,1.38,542
SUP-023,2026Q1,387.7,17.6,2.2,1.43,531
SUP-023,2026Q2,383.1,17.0,2.14,1.33,525
SUP-023,2026Q3,378.1,15.5,2.23,1.37,522
SUP-024,2024Q4,32.1,15.3,2.09,1.38,514
SUP-024,2025Q1,31.8,19.1,2.03,1.52,529
SUP-024,2025Q2,31.3,16.6,2.15,1.35,542
SUP-024,2025Q3,31.0,16.5,2.16,1.32,547
SUP-024,2025Q4,30.7,17.3,2.11,1.31,556
SUP-024,2026Q1,30.2,18.1,2.09,1.54,524
SUP-024,2026Q2,29.6,16.5,2.0,1.5,539
SUP-024,2026Q3,29.0,16.5,2.04,1.31,539
SUP-025,2024Q4,431.1,21.1,1.49,1.65,649
SUP-025,2025Q1,433.5,21.7,1.41,1.75,626
SUP-025,2025Q2,437.9,22.7,1.76,1.79,624
SUP-025,2025Q3,436.8,23.1,1.47,1.8,628
SUP-025,2025Q4,439.6,23.0,1.6,1.69,627
SUP-025,2026Q1,435.4,20.8,1.45,1.78,620
SUP-025,2026Q2,433.7,22.5,1.59,1.76,614
SUP-025,2026Q3,428.6,23.2,1.54,1.77,623
SUP-026,2024Q4,724.5,28.2,0.85,2.17,719
SUP-026,2025Q1,736.0,27.6,0.94,2.06,708
SUP-026,2025Q2,747.7,25.7,0.9,2.1,715
SUP-026,2025Q3,760.7,28.6,0.94,2.17,703
SUP-026,2025Q4,769.3,25.5,0.95,2.05,727
SUP-026,2026Q1,786.9,29.3,0.83,2.06,712
SUP-026,2026Q2,801.0,27.1,0.86,2.19,718
SUP-026,2026Q3,807.6,25.5,0.84,1.98,707
SUP-027,2024Q4,505.9,16.9,2.12,1.45,526
SUP-027,2025Q1,498.9,18.9,2.02,1.45,524
SUP-027,2025Q2,487.5,17.7,2.06,1.33,527
SUP-027,2025Q3,479.2,15.4,2.14,1.45,536
SUP-027,2025Q4,470.3,18.2,2.09,1.5,534
SUP-027,2026Q1,461.3,17.6,2.02,1.23,523
SUP-027,2026Q2,456.2,16.1,2.11,1.29,522
SUP-027,2026Q3,452.7,18.2,2.02,1.38,537
SUP-028,2024Q4,836.3,30.6,0.3,2.48,798
SUP-028,2025Q1,853.7,32.8,0.27,2.35,773
SUP-028,2025Q2,879.0,31.9,0.4,2.38,780
SUP-028,2025Q3,911.4,31.4,0.29,2.5,800
SUP-028,2025Q4,939.4,31.2,0.22,2.4,794
SUP-028,2026Q1,959.4,32.2,0.26,2.4,821
SUP-028,2026Q2,986.4,31.5,0.45,2.47,817
SUP-028,2026Q3,1013.8,32.1,0.29,2.42,800
SUP-029,2024Q4,530.8,32.1,0.32,2.39,783
SUP-029,2025Q1,545.7,35.0,0.33,2.41,810
SUP-029,2025Q2,555.3,29.8,0.35,2.47,804
SUP-029,2025Q3,575.6,31.5,0.26,2.43,801
SUP-029,2025Q4,593.4,33.1,0.28,2.36,815
SUP-029,2026Q1,604.3,32.6,0.34,2.35,811
SUP-029,2026Q2,618.9,31.7,0.32,2.29,792
SUP-029,2026Q3,638.8,30.1,0.32,2.43,813
SUP-030,2024Q4,291.3,27.2,0.96,2.11,719
SUP-030,2025Q1,295.4,27.7,0.8,2.08,713
SUP-030,2025Q2,298.9,27.3,0.86,2.02,722
SUP-030,2025Q3,304.0,25.3,0.86,2.09,718
SUP-030,2025Q4,308.6,28.4,0.81,2.12,712
SUP-030,2026Q1,312.1,26.9,1.0,2.13,700
SUP-030,2026Q2,321.3,26.5,0.94,1.93,699
SUP-030,2026Q3,326.3,28.6,0.96,2.02,709
SUP-031,2024Q4,212.8,23.1,1.52,1.77,628
SUP-031,2025Q1,211.1,21.0,1.47,1.71,616
SUP-031,2025Q2,209.4,21.7,1.54,1.79,623
SUP-031,2025Q3,211.0,21.0,1.53,1.61,622
SUP-031,2025Q4,209.0,23.2,1.48,1.75,636
SUP-031,2026Q1,208.3,21.7,1.45,1.77,624
SUP-031,2026Q2,207.9,21.8,1.64,1.65,626
SUP-031,2026Q3,209.2,23.9,1.55,1.78,616
SUP-032,2024Q4,637.7,18.6,2.01,1.45,532
SUP-032,2025Q1,629.4,17.7,2.0,1.36,539
SUP-032,2025Q2,616.7,16.7,2.16,1.48,513
SUP-032,2025Q3,604.3,15.7,2.16,1.52,530
SUP-032,2025Q4,593.6,17.8,2.01,1.35,536
SUP-032,2026Q1,580.6,17.9,2.1,1.39,520
SUP-032,2026Q2,570.8,15.0,2.13,1.4,523
SUP-032,2026Q3,558.9,15.0,2.26,1.39,524
SUP-033,2024Q4,732.7,15.5,2.4,1.25,474
SUP-033,2025Q1,710.0,12.0,2.3,1.23,477
SUP-033,2025Q2,698.5,16.7,2.41,1.21,482
SUP-033,2025Q3,681.9,13.7,2.43,1.29,498
SUP-033,2025Q4,666.2,15.4,2.43,1.13,464
SUP-033,2026Q1,643.0,14.2,2.41,1.32,487
SUP-033,2026Q2,628.8,14.7,2.39,1.23,479
SUP-033,2026Q3,611.6,14.0,2.3,1.36,472
SUP-034,2024Q4,290.9,12.8,2.63,0.96,459
SUP-034,2025Q1,281.9,12.8,2.82,1.12,445
SUP-034,2025Q2,274.4,13.0,2.58,0.93,435
SUP-034,2025Q3,266.4,10.1,2.66,1.06,447
SUP-034,2025Q4,255.7,14.3,2.68,1.16,465
SUP-034,2026Q1,247.4,12.1,2.73,1.1,436
SUP-034,2026Q2,241.1,14.8,2.61,1.06,457
SUP-034,2026Q3,234.5,12.2,2.67,1.12,472
SUP-035,2024Q4,136.0,19.5,1.99,1.58,571
SUP-035,2025Q1,133.9,18.9,1.75,1.5,583
SUP-035,2025Q2,132.1,20.5,1.78,1.52,564
SUP-035,2025Q3,131.3,22.1,1.7,1.58,566
SUP-035,2025Q4,130.0,22.0,1.84,1.52,585
SUP-035,2026Q1,128.6,18.7,1.93,1.46,563
SUP-035,2026Q2,128.3,18.2,1.64,1.67,588
SUP-035,2026Q3,127.9,20.4,1.83,1.59,573
SUP-036,2024Q4,587.6,9.3,3.03,0.81,401
SUP-036,2025Q1,566.9,11.0,2.97,0.92,424
SUP-036,2025Q2,540.1,10.3,2.99,0.78,390
SUP-036,2025Q3,516.9,8.0,2.96,0.93,399
SUP-036,2025Q4,494.8,11.5,3.25,0.8,406
SUP-036,2026Q1,471.7,9.5,2.97,0.95,389
SUP-036,2026Q2,455.2,9.4,3.1,0.94,376
SUP-036,2026Q3,439.0,11.0,2.93,0.82,401
SUP-037,2024Q4,342.3,10.7,2.79,1.11,462
SUP-037,2025Q1,332.2,14.5,2.86,1.07,441
SUP-037,2025Q2,321.9,12.2,2.8,1.05,449
SUP-037,2025Q3,309.6,13.8,2.7,1.03,448
SUP-037,2025Q4,298.7,12.6,2.83,1.01,423
SUP-037,2026Q1,288.7,12.3,2.63,0.91,450
SUP-037,2026Q2,282.0,12.4,2.71,1.02,450
SUP-037,2026Q3,271.5,12.9,2.74,1.13,452
SUP-038,2024Q4,224.3,31.1,0.48,2.32,807
SUP-038,2025Q1,230.3,34.4,0.3,2.4,802
SUP-038,2025Q2,235.8,30.8,0.36,2.3,818
SUP-038,2025Q3,242.2,30.5,0.21,2.38,787
SUP-038,2025Q4,249.3,32.1,0.37,2.35,799
SUP-038,2026Q1,257.0,31.3,0.4,2.48,800
SUP-038,2026Q2,264.8,33.1,0.25,2.35,795
SUP-038,2026Q3,273.3,33.8,0.37,2.49,786
SUP-039,2024Q4,295.9,22.1,1.75,1.55,566
SUP-039,2025Q1,293.3,20.7,1.84,1.59,584
SUP-039,2025Q2,287.2,19.3,1.85,1.56,579
SUP-039,2025Q3,285.7,19.4,1.88,1.66,583
SUP-039,2025Q4,284.0,20.7,1.8,1.71,567
SUP-039,2026Q1,281.0,19.8,1.86,1.51,579
SUP-039,2026Q2,278.6,19.3,1.74,1.53,563
SUP-039,2026Q3,276.5,19.6,1.79,1.59,551
SUP-040,2024Q4,447.9,25.1,1.2,1.91,659
SUP-040,2025Q1,449.5,25.1,1.07,2.11,662
SUP-040,2025Q2,449.7,24.6,1.09,1.84,675
SUP-040,2025Q3,449.7,26.3,1.22,1.97,664
SUP-040,2025Q4,448.5,24.0,1.1,1.97,659
SUP-040,2026Q1,447.1,24.7,1.24,1.96,651
SUP-040,2026Q2,447.4,25.2,1.22,2.01,679
SUP-040,2026Q3,450.5,25.5,1.34,2.0,674
SUP-041,2024Q4,475.2,34.0,0.37,2.33,811
SUP-041,2025Q1,490.8,34.7,0.37,2.28,787
SUP-041,2025Q2,505.6,31.0,0.25,2.35,792
SUP-041,2025Q3,519.4,29.8,0.35,2.45,817
SUP-041,2025Q4,536.2,31.0,0.05,2.49,791
SUP-041,2026Q1,555.0,30.5,0.24,2.43,799
SUP-041,2026Q2,576.1,32.4,0.16,2.32,804
SUP-041,2026Q3,592.4,33.8,0.18,2.44,794
SUP-042,2024Q4,601.5,15.0,2.46,1.15,492
SUP-042,2025Q1,586.5,15.1,2.33,1.47,491
SUP-042,2025Q2,570.3,15.6,2.35,1.21,496
SUP-042,2025Q3,556.2,14.5,2.34,1.12,497
SUP-042,2025Q4,541.5,15.4,2.29,1.42,498
SUP-042,2026Q1,531.2,13.4,2.45,1.12,472
SUP-042,2026Q2,515.7,15.6,2.43,1.16,476
SUP-042,2026Q3,503.0,15.0,2.52,1.33,523
SUP-043,2024Q4,44.0,23.6,1.62,1.75,605
SUP-043,2025Q1,44.0,21.6,1.46,1.6,635
SUP-043,2025Q2,43.7,24.0,1.43,1.62,617
SUP-043,2025Q3,43.5,22.6,1.37,1.77,655
SUP-043,2025Q4,43.6,21.3,1.54,1.76,619
SUP-043,2026Q1,43.6,21.2,1.56,1.81,615
SUP-043,2026Q2,43.6,22.7,1.67,1.6,608
SUP-043,2026Q3,43.4,22.6,1.53,1.94,615
SUP-044,2024Q4,429.5,23.5,1.2,1.99,670
SUP-044,2025Q1,431.9,25.2,1.17,1.89,693
SUP-044,2025Q2,433.4,25.8,1.31,1.98,661
SUP-044,2025Q3,432.9,26.9,1.19,1.88,671
SUP-044,2025Q4,439.0,23.0,1.18,1.91,638
SUP-044,2026Q1,444.9,24.2,1.28,1.81,657
SUP-044,2026Q2,449.0,24.5,1.17,2.0,673
SUP-044,2026Q3,456.1,25.8,1.26,1.96,672
SUP-045,2024Q4,571.3,32.6,0.39,2.36,816
SUP-045,2025Q1,588.5,33.1,0.25,2.37,792
SUP-045,2025Q2,607.0,34.9,0.32,2.46,803
SUP-045,2025Q3,626.2,29.7,0.38,2.33,810
SUP-045,2025Q4,650.7,32.7,0.25,2.38,801
SUP-045,2026Q1,664.1,32.7,0.31,2.4,793
SUP-045,2026Q2,685.2,31.6,0.22,2.35,779
SUP-045,2026Q3,711.7,32.5,0.32,2.44,798
SUP-046,2024Q4,805.8,22.3,1.34,1.76,637
SUP-046,2025Q1,801.4,21.7,1.55,1.72,637
SUP-046,2025Q2,797.4,21.1,1.39,1.66,632
SUP-046,2025Q3,795.4,23.3,1.44,1.61,608
SUP-046,2025Q4,793.4,20.0,1.67,1.82,621
SUP-046,2026Q1,794.9,22.4,1.33,1.73,621
SUP-046,2026Q2,806.2,23.7,1.4,1.69,615
SUP-046,2026Q3,809.9,23.1,1.45,1.79,626
SUP-047,2024Q4,389.9,10.5,3.11,0.83,428
SUP-047,2025Q1,375.0,11.3,2.91,0.98,397
SUP-047,2025Q2,360.5,10.4,3.16,0.96,393
SUP-047,2025Q3,350.5,11.7,3.04,0.85,375
SUP-047,2025Q4,337.4,8.0,3.11,1.03,416
SUP-047,2026Q1,327.3,11.2,3.1,0.96,404
SUP-047,2026Q2,311.0,11.1,2.98,0.83,401
SUP-047,2026Q3,301.1,9.5,2.86,1.01,402
SUP-048,2024Q4,168.4,24.4,1.57,1.68,610
SUP-048,2025Q1,168.8,21.8,1.38,1.83,610
SUP-048,2025Q2,169.0,22.8,1.64,1.78,595
SUP-048,2025Q3,169.1,21.9,1.51,1.83,633
SUP-048,2025Q4,168.8,23.8,1.4,1.61,637
SUP-048,2026Q1,168.8,21.9,1.4,1.61,608
SUP-048,2026Q2,170.1,22.0,1.56,1.74,622
SUP-048,2026Q3,169.3,23.3,1.44,1.73,611
SUP-049,2024Q4,169.0,9.9,2.96,0.75,417
SUP-049,2025Q1,161.8,11.2,3.02,0.97,395
SUP-049,2025Q2,153.8,10.6,2.94,0.89,377
SUP-049,2025Q3,148.5,8.9,3.1,0.95,414
SUP-049,2025Q4,142.8,12.1,2.97,0.82,407
SUP-049,2026Q1,138.5,9.7,2.9,0.83,394
SUP-049,2026Q2,131.9,11.0,3.04,0.94,396
SUP-049,2026Q3,126.2,7.9,3.12,0.91,394
SUP-050,2024Q4,876.6,20.9,1.49,1.62,639
SUP-050,2025Q1,876.9,20.9,1.4,1.72,620
SUP-050,2025Q2,872.3,21.3,1.58,1.7,618
SUP-050,2025Q3,881.7,22.2,1.56,1.65,624
SUP-050,2025Q4,880.4,22.2,1.63,1.59,631
SUP-050,2026Q1,878.3,22.9,1.68,1.71,633
SUP-050,2026Q2,881.6,21.7,1.53,1.83,606
SUP-050,2026Q3,880.4,21.5,1.37,1.81,628
